station_id,trips_started,name,lat,lon,capacity
7000,21725,Fort York  Blvd / Capreol Ct,43.639832,-79.395954,35
7001,15018,Wellesley Station Green P,43.6649641599074,-79.3835503152689,26
7002,20646,St. George St / Bloor St W,43.667333,-79.399429,19
7003,9264,Madison Ave / Bloor St W,43.667158,-79.402761,15
7004,6674,University Ave / Elm St,43.656518,-79.389099,11
7005,10149,King St W / York St,43.6480008,-79.383177,23
7006,31424,Bay St / College St (East Side),43.660439,-79.385525,19
7007,23011,College St / Huron St,43.658148,-79.398167,19
7008,8770,Wellesley St / Queen's Park Cres,43.663376,-79.392125,19
7009,9998,King St E / Jarvis St,43.650325,-79.372287,25
7010,5114,King St W / Spadina Ave,43.645323,-79.395003,19
7012,14780,Elizabeth St / Edward St (Bus Terminal),43.656026,-79.385327,15
7014,14834,Sherbourne St / Carlton St (Allan Gardens),43.663102,-79.373181,17
7015,11001,King St W / Bay St (West Side),43.64852,-79.380576,38
7016,25408,Bay St / Queens Quay W (Ferry Terminal),43.640978,-79.376785,23
7018,15021,Bremner Blvd / Rees St,43.641529,-79.386741,23
7020,14517,Phoebe St / Spadina Ave,43.650033,-79.396555,33
7021,13823,Bay St / Albert St,43.653264,-79.382458,35
7022,22141,Simcoe St / Queen St W,43.65049,-79.3873,39
7023,11222,College St / Borden St,43.6571,-79.4056,11
7024,11319,Dundonald St / Church St,43.66663,-79.38148,36
7025,8938,Ted Rogers Way / Bloor St E,43.671293,-79.380471,23
7026,14664,Bay St / St. Joseph St,43.665527,-79.387499,15
7027,19638,Beverley  St / Dundas St W,43.652823,-79.393388,31
7028,15386,Gould St / Mutual St,43.6582,-79.3768,31
7029,12920,Bay St / Bloor St W (East Side),43.66943,-79.38915,15
7030,25465,Bay St / Wellesley St W,43.664088,-79.387095,51
7031,8059,Jarvis St / Isabella St,43.668991,-79.379385,23
7032,11864,Augusta Ave / Dundas St W,43.652473,-79.401456,15
7033,22978,Union Station,43.645609,-79.380386,43
7034,11872,Church St / Bloor St E,43.671389,-79.382919,15
7035,12888,Queen St W / Ossington Ave,43.643975,-79.419576,23
7036,6581,Trinity St /Front St E,43.651318,-79.36023,19
7037,14978,Bathurst St / Dundas St W,43.6519501,-79.4060978,27
7038,24495,Dundas St W / Yonge St,43.656094,-79.381484,31
7039,4771,Simcoe St / Michael Sweet Ave,43.652327224103,-79.3882538196087,19
7040,9673,Euclid Ave / Bloor St W,43.664467,-79.414783,19
7041,15481,Edward St / Yonge St,43.656729,-79.382736,23
7042,14672,Sherbourne St / Wellesley St E,43.6673,-79.374,31
7043,19127,Queens Quay W / Lower Simcoe St,43.63951,-79.383717,19
7044,14756,Church St / Alexander St,43.663722,-79.380288,15
7045,11034,Bond St / Queen St E,43.653236,-79.376716,25
7046,12969,Niagara St / Richmond St W,43.64534,-79.409597,26
7047,13632,University Ave / Gerrard St W (East Side),43.657763,-79.389165,25
7048,8130,Front St W / Yonge St (Hockey Hall of Fame),43.646144,-79.377962,47
7050,4920,Richmond St E / Jarvis St Green P,43.652634,-79.374222,16
7052,10767,Wellington St W / Bay St,43.647259,-79.379878,27
7053,7810,Metro Hall Plaza,43.645859,-79.38783,27
7054,11624,Navy Wharf Ct. / Bremner Blvd.,43.640722,-79.391051,0
7055,12552,Jarvis St / Carlton St,43.66207,-79.37617,15
7056,6347,Parliament St / Gerrard St,43.662132,-79.3656796,23
7057,7455,Simcoe St / Wellington St W South,43.6458569,-79.3853654,27
7058,15318,Huron St / Harbord St,43.6637,-79.400053,19
7059,15079,Front St W / Blue Jays Way,43.643473,-79.390477,15
7061,13943,Dalton Rd / Bloor St W,43.6662942,-79.4066433,15
7062,10108,University Ave / College St (West),43.659226,-79.390213,11
7063,12010,Queen's Park / Bloor St W,43.668456,-79.393899,19
7064,3598,51 Parliament St,43.65205,-79.362198,19
7065,12021,Dundas St E / Parliament St,43.659575,-79.365769,15
7066,14070,Willcocks St / St. George St,43.662085,-79.397735,17
7067,6940,Yonge St / Harbour St,43.643795,-79.375413,39
7068,667,Blantyre Park,43.6830689,-79.279682,22
7069,11119,Queen St W / Spadina Ave,43.649147,-79.395504,11
7070,5666,25 York St â€“ Union Station South,43.643667,-79.380414,11
7071,5909,161 Bleecker St (South of Wellesley),43.666233,-79.373327,23
7072,14988,Fleet St / Bathurst St,43.636611,-79.400042,23
7073,10931,Spadina Ave / Fort York Blvd,43.640114,-79.393249,23
7074,7962,King St E / Church St,43.6500392,-79.3733541,15
7075,10942,Queens Quay W / Dan Leckie Way,43.636533,-79.395854,27
7076,35819,York St / Queens Quay W,43.640132,-79.380464,57
7077,13189,College Park South,43.659777,-79.382767,19
7078,25054,College St / Major St,43.6576,-79.4032,15
7079,16497,McGill St / Church St,43.660694,-79.379052,19
7083,2333,Danforth Ave / Barrington Ave,43.688325,-79.300463,15
7084,3271,High Park - Grenadier Cafe,43.645599,-79.4657123,11
7085,1738,Danforth Ave / Westlake Ave,43.687323,-79.304848,15
7086,3887,High Park - West Rd,43.6525077,-79.4654233,23
7087,1465,Danforth Ave / Aldridge Ave,43.684758,-79.316767,11
7088,3951,Danforth Ave / Coxwell Ave,43.683378,-79.322961,15
7089,20887,Church St  / Wood St,43.662712,-79.379903,19
7090,3927,Danforth Ave / Lamb Ave,43.681991,-79.329455,19
7091,2853,Donlands Subway Station,43.681114,-79.3373885,15
7092,634,Pape Subway Station (Green P),43.680223,-79.344062,15
7093,4288,Danforth Ave / Gough Ave,43.678401,-79.346289,17
7094,3961,Chester Subway Station,43.6784834,-79.3513564,9
7095,4989,Danforth Ave / Ellerbeck St,43.677076,-79.35667,14
7096,2356,Lower Don River Trail and Taylor Creek Trail,43.7027268,-79.3336809,19
7097,5438,Riverdale Park North (Broadview Ave),43.671172,-79.354704,15
7098,6719,Riverdale Park South (Broadview Ave),43.667819,-79.35347,15
7099,7911,Cherry St / Mill St,43.6513927,-79.3579466,15
7100,23260,Dundas St E / Regent Park Blvd,43.660207,-79.361275,27
7101,7741,Lower Sherbourne St / The Esplanade,43.648655,-79.367061,27
7102,19806,Nelson St / Duncan St,43.648711,-79.389728,31
7103,7178,Jimmie Simpson Park (Queen St E),43.6605603,-79.3437663,15
7104,14292,King St E / River St,43.6567847828531,-79.3562738505904,15
7105,3672,Queen St E / Sackville St,43.6561111,-79.3613888888889,15
7106,4644,Mill St / Tannery Rd,43.652219,-79.354455,27
7107,5063,Cherry St / Distillery Ln,43.650279,-79.356832,15
7108,8505,Front St E / Cherry St,43.652686,-79.358395,15
7109,7040,Seaton St / Dundas St E - SMART,43.658777,-79.369596,32
7110,6232,Queen St E / Berkeley St,43.6552778,-79.3658333333333,15
7111,10923,King St W / Douro St,43.640885,-79.416379,11
7112,4717,Liberty St / Fraser Ave Green P,43.637981,-79.424146,19
7114,12588,Carlton St / Parliament St,43.664524,-79.36793,27
7115,9465,Howard St / Sherbourne St,43.6712581,-79.376367,15
7117,4012,640 Bloor Street E,43.6746885744863,-79.3670196239627,19
7118,8343,King St W / Bay St (East Side),43.648575,-79.380042,19
7119,7108,Sumach St / Carlton St. (Riverdale Farm),43.665867,-79.362506,15
7120,6078,Gerrard St E / River St,43.663993,-79.358534,11
7121,22303,Jarvis St / Dundas St E,43.657266,-79.374756,27
7122,3606,Niagara St / Tecumseth St,43.641389,-79.404444,15
7123,3873,424 Wellington St W,43.643834,-79.396649,15
7124,7325,Dundas St E / Broadview Ave,43.662365,-79.351104,19
7126,12460,Yonge St / Yorkville Ave,43.671944,-79.387778,17
7127,4881,Bay St / Scollard St,43.672152,-79.39018,15
7128,2301,Yonge St / Aylmer Ave,43.675492,-79.388858,15
7129,8147,Davenport Rd / Avenue Rd,43.674991,-79.396273,11
7130,4933,Davenport Rd / Bedford Rd,43.674446,-79.398331,15
7131,7350,Taddle Creek Park,43.66986,-79.398443,15
7132,4882,Kendal Ave / Spadina Rd,43.670318,-79.405181,9
7133,4814,Summerhill Subway Station,43.681944,-79.390556,11
7135,8581,Hanna Ave / Liberty St,43.6384009,-79.4197107,17
7136,4360,Queen St W / Close Ave,43.640634,-79.435841,23
7137,2746,Davenport Rd / Bathurst St,43.676667,-79.416111,27
7138,3300,Davenport Rd / Christie St,43.675278,-79.423889,27
7139,3434,Glen Edyth Dr / Davenport Rd,43.677778,-79.405556,15
7140,5895,Macpherson Ave / Spadina Rd,43.675791,-79.40698,15
7141,3217,Bridgeman Ave / Kendal Ave,43.675556,-79.410278,15
7142,2261,Bridgeman Ave / Bathurst St,43.674444,-79.414722,15
7143,6539,Kendal Ave / Bernard Ave,43.671513,-79.408317,15
7144,3675,Palmerston Ave / Vermont Ave,43.671389,-79.416389,15
7146,3728,Christie St / Benson Ave (Wychwood Barns),43.68,-79.425,19
7147,2739,King St W / Fraser Ave,43.6394444,-79.4252777777778,15
7148,13385,King St W / Joe Shuster Way,43.639444,-79.423611,15
7149,3257,Yarmouth Rd / Christie St,43.67,-79.4208333333333,11
7150,6681,Dufferin St / Sylvan Av (Dufferin Grove Park),43.6555556,-79.4336111111111,19
7151,3834,Essex St / Christie St - SMART,43.6686111,-79.4202777777778,19
7152,6441,Ossington Ave / Bloor St W,43.661705,-79.425734,11
7153,11514,Bloor St W / Christie St,43.6638889,-79.4188888888889,19
7154,8784,Bathurst Subway Station,43.6666667,-79.4116666666667,23
7155,8936,Bathurst St / Lennox St,43.663808,-79.410491,19
7156,5159,Salem Ave / Bloor St W,43.6608333,-79.4316666666667,15
7157,2563,Dufferin St / Bloor St,43.6608333333333,-79.4358333333333,22
7158,7653,King St W / Stafford St,43.6422222,-79.4111111111111,15
7160,16980,King St W / Tecumseth St,43.6433333333333,-79.4055555555556,19
7161,12375,Beverley St / College St,43.6575,-79.3952777777778,23
7162,8073,Hayter St / Laplante Ave,43.6591666666667,-79.3855555555556,22
7163,15874,Yonge St / Wood St,43.6622222,-79.3825,15
7164,12936,Gould St / Yonge St (Ryerson University),43.657424,-79.381019,22
7168,21465,Queens Quay / Yonge St,43.641646,-79.375308,31
7169,8033,Front St W / Bay St (North Side),43.646162,-79.378912,11
7170,9059,Spadina Ave / Willcocks St,43.6616667,-79.4013888888889,15
7171,20342,Ontario Place Blvd / Lake Shore Blvd W,43.6322445,-79.4108105,27
7172,8155,Strachan Ave / Princes' Blvd,43.635,-79.4088888888889,19
7173,2828,Cariboo St / Rail Path,43.66666667,-79.4583333333333,19
7174,4586,Bloor St W / Dundas St W,43.6563889,-79.4516666666667,15
7175,22439,HTO Park (Queens Quay W),43.63796,-79.387502,27
7176,11187,Bathurst St / Fort York Blvd,43.639179,-79.399595,19
7178,4749,Dundas St W / Edna Ave,43.657192,-79.452559,15
7180,5117,Lansdowne Subway Station,43.6587734,-79.443054,23
7181,1749,Lansdowne Ave / Whytock Ave,43.6538888888889,-79.4413888888889,15
7182,2356,Sterling Rd / Dundas St W,43.6508333333333,-79.4430555555556,18
7183,3787,St Clarens Ave / College St,43.651238,-79.43868,15
7184,7661,Ossington Ave / College St,43.6544915,-79.422634,11
7188,5727,Exhibition GO (Atlantic Ave),43.6366666666667,-79.4197222222222,23
7189,10555,Augusta Ave / Denison Sq,43.653766,-79.4016759,15
7190,16603,St. George St / Hoskin Ave,43.6637403,-79.3980645,15
7191,9356,Central Tech  (Harbord St),43.661975,-79.407896,11
7192,6731,Harbord St / Clinton St,43.660414,-79.415646,15
7193,8998,Queen St W / Gladstone Ave,43.6430555555556,-79.4275,23
7194,2011,Mortimer Ave / Coxwell Ave,43.690564,-79.326319,23
7195,5835,Ulster St / Bathurst St,43.66,-79.4088888888889,11
7196,3645,Roxton Rd / Harbord St,43.65905,-79.422988,11
7197,8972,Queen St W / Dovercourt Rd,43.6438602,-79.4227573,11
7198,4597,Queen St W / Cowan Ave,43.6409,-79.432837,19
7199,20731,College St / Markham St,43.6563888888889,-79.4091666666667,19
7202,9199,Queen St W / Bay St (City Hall),43.6517925,-79.3826951,23
7203,20583,Bathurst St/Queens Quay(Billy Bishop Airport),43.635492,-79.398253,35
7204,13867,College St / Crawford St,43.655,-79.418889,19
7205,6104,Rusholme Park Cres / College St,43.65277778,-79.42972222,15
7206,8551,Claremont St / Dundas St W,43.651281,-79.411717,13
7207,18067,Dundas St W / Crawford St,43.649722,-79.416944,23
7208,8833,80 Clinton St (North of College),43.656296,-79.414663,15
7209,5634,Ossington Ave / Harrison St,43.6511111111111,-79.4213888888889,19
7210,2809,Mary McCormick Rec Centre (Sheridan Ave),43.6475,-79.4330555555556,15
7211,11740,Fort York Blvd / Garrison Rd,43.637381,-79.406112,15
7216,10386,Wellington St W / Stafford St,43.6409957,-79.4096663,23
7217,23394,Soho St / Queen St W,43.6494896,-79.393535,0
7220,8671,Lake Shore Blvd W / Ellis Ave,43.635932,-79.465083,19
7221,2412,High Park Subway Station,43.6543604,-79.4655296,11
7222,10031,Sunnyside - Gus Ryder Pool,43.637894,-79.454823,27
7223,2478,Parkside Dr / Bloor St W - SMART,43.654501,-79.460053,12
7224,2430,Bloor St W / High Park Ave (High Park),43.6535269,-79.4650569,23
7225,4520,Lake Shore Blvd W / Windermere Ave,43.634896,-79.467763,19
7226,10665,Lake Shore Blvd W / The Boulevard Club,43.636731,-79.444966,19
7227,9564,Martin Goodman Trail (Marilyn Bell Park),43.6314,-79.4304,31
7228,1930,Queen St W / Roncesvalles Ave,43.6372958,-79.4423237,19
7229,1834,Dundas St W / Roncesvalles Green P - SMART,43.6534268,-79.4512787,12
7230,4524,Garden Ave / Roncesvalles Ave,43.643769,-79.447915,18
7231,2726,Wright Ave / Sorauren Ave - SMART,43.646677,-79.442741,18
7232,2995,Queen St W  /  Fuller Ave - SMART,43.640255,-79.439223,16
7233,5662,King / Cowan Ave - SMART,43.637922,-79.431734,16
7234,4109,Roncesvalles Ave / Marmaduke St,43.650492,-79.450842,19
7235,12083,Bay St / College St (West Side) - SMART,43.660087,-79.385655,12
7236,8421,Thompson St / Broadview Ave - SMART,43.659471,-79.350325,12
7237,3904,Ward Ave / Wallace Ave,43.663337,-79.446444,15
7238,3170,Sorauren Ave / Geoffrey St - SMART,43.649172,-79.4445087,16
7239,12285,Bloor St W / Manning Ave - SMART,43.663912,-79.416124,20
7240,12777,Bloor St W / Shaw Ave - SMART,43.662403,-79.423098,34
7241,5666,519 Church St,43.666874,-79.381155,12
7242,22940,Lake Shore Blvd W / Ontario Dr,43.630254,-79.420317,35
7243,2566,Exhibition GO Station,43.6352007,-79.4187711,14
7244,2605,Dufferin Gate - SMART,43.633473,-79.425679,16
7245,13193,Tecumseth St / Queen St W - SMART,43.646552,-79.406468,9
7246,16781,Yonge St / Bloor St,43.669969,-79.386532,14
7247,3055,Howard Park Ave / Dundas St W - SMART,43.6521,-79.4486,12
7248,15222,Baldwin Ave / Spadina Ave - SMART,43.654905,-79.398448,20
7249,3063,Dovercourt Rd / Harrison St (Green P) - SMART,43.651145,-79.423742,12
7250,18289,Ursula Franklin St / St. George St - SMART,43.660296,-79.397107,16
7251,17622,The Royal Ontario Museum (Bloor St Entrance),43.6685000462722,-79.3946235999697,19
7252,15583,Robert St / Bloor St W - SMART,43.665846,-79.404998,18
7253,19225,John St  / Mercer St - SMART,43.6461,-79.3895,12
7256,13341,Vanauley St / Queen St W - SMART,43.648437,-79.39838,12
7257,13499,Dundas St W / St. Patrick St,43.6545174,-79.3895315,19
7258,3432,Queen St E / Rushbrooke Ave,43.6626628,-79.3323698,15
7259,11609,Lower Spadina Ave / Lake Shore Blvd,43.638497,-79.39192,19
7260,17040,Spadina Ave / Adelaide St W,43.6472019,-79.3953394,15
7261,23399,Queens Quay E / Lower Sherbourne St,43.645215,-79.364898,27
7262,1769,Wychwood Ave / Benson Ave - SMART,43.6809164,-79.4229684,16
7263,15886,Walton St / Elizabeth St - SMART,43.657838,-79.38631,20
7264,11644,Bloor St E / Huntley St - SMART,43.671535,-79.379173,16
7265,2638,Wallace Ave / Symington Ave - SMART,43.661324,-79.449534,12
7266,684,Victoria Park Subway Station - SMART,43.6940155,-79.2889842,20
7267,5530,Dundas St E / Pembroke St - SMART,43.658295,-79.372346,16
7268,2840,111 Bond St (North of Dundas St E)  - SMART,43.656927,-79.378497,16
7269,12888,Toronto Eaton Centre (Yonge St),43.655431,-79.380653,14
7270,6584,Church St / Dundas St E - SMART,43.657024,-79.377257,15
7271,16388,Yonge St / Alexander St - SMART,43.662862,-79.383572,18
7272,12679,Yonge St / Dundonald St - SMART,43.665801,-79.384796,12
7273,13045,Bay St / Charles St W - SMART,43.668153,-79.38891,20
7274,7782,Queen's Park Cres E / Grosvenor St - SMART,43.661803,-79.389682,12
7275,12092,Queen St W / James St,43.652276,-79.380701,11
7276,8422,Bloor St W / Balmuto St,43.669903,-79.387802,11
7277,2210,Chorley Park - SMART,43.6856,-79.3718,20
7278,3275,Mallon Ave / Jones Ave -SMART,43.66587,-79.33443,16
7279,1142,Rosehill Ave / Avoca Ave - SMART,43.687999,-79.38906,16
7280,9364,Charles St E / Jarvis St - SMART,43.669604,-79.381171,20
7281,17432,Charles St W / Balmuto St - SMART,43.668427,-79.38725,20
7283,8725,Front St W / Bay St (South Side),43.64595,-79.378761,19
7284,10887,University Ave / King St W - SMART,43.6477785,-79.3847928,24
7285,18787,Spadina Ave / Harbord St - SMART,43.6629228,-79.4018451,36
7286,5100,Gerrard St E / Broadview - SMART,43.665656,-79.352055,18
7287,3865,Queen St E / Pape Ave - SMART,43.661673,-79.337789,15
7288,11251,Humber Bay Shores Park West,43.6224434,-79.480284,31
7289,10995,Humber Bay Shores Park East,43.6308933,-79.4722622,23
7291,8629,190 Queens Quay E,43.6451308,-79.3653644,15
7292,14204,Granby St / Church St - SMART,43.6614605,-79.3789457,24
7296,4100,Westmoreland Ave / Fernbank Ave,43.665327,-79.43235,19
7297,2610,Havelock St / Dufferin Park,43.657343,-79.43112,19
7298,19710,Bathurst St / Adelaide St W,43.645324,-79.40345,25
7299,14915,Mill St / Parliament St,43.650256,-79.36163,15
7301,631,Primrose Ave / Davenport Rd,43.67142,-79.445947,15
7302,3094,Winona Dr / Davenport Rd,43.674923,-79.430465,11
7303,2344,Queen St E / Woodward Ave,43.665269,-79.319796,19
7309,2199,Queen St. E / Rhodes Ave.,43.666224,-79.317693,23
7311,16453,Sherbourne St / Isabella St,43.669576,-79.375961,19
7312,4201,Amelia St. / Sumach St.,43.66852,-79.363525,11
7313,2986,Coxwell Ave /  Lake Shore Blvd E,43.662771,-79.315223,15
7314,2256,Queen St. E / Eastern Ave,43.667208,-79.312315,15
7315,687,Queen St E / Hammersmith Ave,43.671349,-79.29451,11
7316,1096,Queen St. E / Spruce Hill Rd.,43.672571,-79.289,15
7317,2049,Hubbard Blvd / Balsam Av,43.669328,-79.288949,19
7318,1846,Hubbard Blvd. / Glen Manor Dr.,43.668633,-79.291162,15
7319,1932,Lake Shore Blvd E / Knox Ave,43.660206,-79.3244,11
7320,6149,Front St W / University Ave (1),43.6451635,-79.3831757,18
7321,12222,Front St W / University Ave (2),43.6452972,-79.3827914,19
7322,24940,E Liberty St / Western Battery Rd,43.6392777,-79.4115736,18
7323,7828,457 King St W,43.6452091,-79.3960744,19
7324,20432,King St W / Charlotte St,43.645572,-79.39399,23
7326,2112,Davenport Rd / Lansdowne Ave,43.671526,-79.44874,19
7327,2150,Davenport Rd / Dovercourt Rd - SMART,43.6741219,-79.4352208,16
7328,4200,Roxborough St W / Yonge St,43.678077,-79.390328,17
7329,9713,Crawford St / Queen St W,43.645665,-79.415345,19
7331,548,Coxwell Ave / Plains Rd,43.69595,-79.328535,19
7332,4476,200 Bloor St E,43.671561,-79.38117,23
7333,13218,King St E / Victoria St,43.6495789,-79.3762096,19
7334,6259,Simcoe St / Wellington St W North,43.6462176,-79.3855048,15
7335,8232,Bay St / Bloor St W (West Side),43.669244,-79.3894,19
7336,3444,Queen St E / Alton Av,43.663912,-79.327987,19
7337,7417,Gerrard Square Mall (1010 Gerrard St E),43.668553,-79.338673,19
7338,2701,Logan Ave / Bain Ave,43.6720273,-79.3470557,11
7339,2619,Carlaw Ave / Strathcona Ave,43.6753188,-79.3462789,15
7340,2623,Blake St / Boultbee Ave,43.672453,-79.338259,15
7341,1181,Eastern Ave / Winnifred Ave,43.6592088,-79.3348396,14
7342,2756,Morse St / Eastern Ave,43.657991,-79.340075,11
7343,3415,Alton Ave / Dundas St E (Greenwood Park),43.66745,-79.329408,23
7344,12392,Cherry Beach,43.637764,-79.345359,49
7345,3523,Cherry Beach Sports Field (55 Unwin Ave),43.6408346,-79.3429074,15
7346,4687,Logan Av / Gerrard St E,43.6672144,-79.3452697,15
7347,1467,Regal Rd / Dufferin St,43.673939,-79.441159,15
7348,1455,Pape Ave / Gamble Ave,43.690237,-79.350119,19
7349,2817,Gamble Ave / Broadview Ave,43.689211,-79.35438,23
7350,2873,Broadview Ave / Westwood Ave,43.6848652,-79.356602,23
7351,3216,Pretoria Av / Broadview Av,43.6783213,-79.35822,19
7352,2329,Cosburn Ave / Donlands Ave,43.690537,-79.341307,19
7353,1449,Fulton Ave / Pape Ave,43.68395,-79.347046,19
7354,8860,Tommy Thompson Park (Leslie Street Spit),43.6522266222553,-79.3229544095408,31
7355,1517,Beltline Trail / Chaplin Cres.,43.704461,-79.423122,15
7356,6341,King St E / Berkeley St,43.651885,-79.3649,17
7357,8788,Lake Shore Blvd E / Leslie St,43.659195,-79.329196,19
7359,1505,Rosedale Park (20 Schofield Ave),43.682645,-79.377557,23
7360,4403,Concord Av / Dewson St,43.656945,-79.424911,17
7361,2042,Hocken Ave / Vaughan Rd,43.6817346,-79.4184725,19
7362,3709,St Clair Ave W / Bathurst St.,43.683296,-79.418734,19
7363,1719,Wells Hill Ave / St Clair Ave W,43.683351,-79.41562,15
7364,1085,Queen St E / Nursewood Rd,43.673831,-79.281455,18
7365,2289,Kew Beach Ave / Kenilworth Ave,43.666325,-79.3014,23
7366,10608,Fort York Blvd / Bathurst St SMART,43.639052,-79.399792,20
7367,3949,Alma Ave / Gladstone Ave SMART,43.6448617,-79.42822,16
7368,7585,Lisgar St / Dundas St W - SMART,43.6493472,-79.42668,8
7369,3426,Dupont St / Emerson Ave SMART,43.667266,-79.443946,16
7371,793,Eglinton Ave W / Henning Ave SMART,43.7063473,-79.40161,20
7373,8099,George St / King St E,43.6509552,-79.3707,15
7374,4244,Frederick St / The Esplanade,43.6487245,-79.36839,19
7375,10805,Front St E / Scott St,43.6476616,-79.37549,10
7376,2406,Frobisher Ave / Lascelles Blvd,43.696708,-79.40045,19
7377,1510,Balliol St / Yonge St  SMART,43.6978701,-79.39419,20
7378,2981,Yonge St / Davisville Ave,43.6975969,-79.39654,15
7379,3597,Lawton Blvd / Yonge St,43.6910667,-79.39535,15
7380,1426,Erskine Ave / Yonge St SMART,43.7112153,-79.39894,16
7381,4903,Yonge St / Orchard View Blvd,43.7083577,-79.398862,35
7382,14589,Simcoe St / Adelaide St W,43.6481303,-79.38632,20
7383,7659,12 Harbour St,43.6425636,-79.3762,13
7384,9017,Cumberland Ave / Bay St SMART,43.6704537,-79.39014,9
7385,10963,20 Charles St E,43.6691099,-79.38551,22
7386,7705,D'Arcy St / McCaul St - SMART,43.655227,-79.39201,15
7387,1805,Mortimer Ave / Carlaw Ave SMART,43.685167,-79.34962,12
7388,6466,Broadview Subway Station,43.6772,-79.35858,15
7389,21474,College Park - Gerrard Entrance,43.658938,-79.383518,25
7391,17359,Yonge St / Dundas Sq,43.655766,-79.3802,27
7395,273,Dentonia Park,43.694341,-79.291416,23
7398,13858,York St / Lake Shore Blvd W,43.641952,-79.380723,19
7399,22137,Lower Jarvis / Queens Quay E,43.64422,-79.36927,18
7400,7169,Polson Pier,43.641675,-79.354006,23
7403,1465,Lascelles Blvd / Eglinton Ave W,43.70547,-79.40355,19
7404,2249,Roehampton Ave / Mount Pleasant Rd,43.70942,-79.39139,19
7406,16031,Victoria St / Queen St E,43.652822,-79.378208,23
7407,5144,University Ave / Queen St W,43.65158,-79.38655,23
7408,5606,University Ave / Armoury St,43.65263,-79.38766,23
7409,13163,Isabella St / Church St,43.66834,-79.38235,19
7410,6322,Howard St / Rose Ave,43.671278,-79.372127,19
7411,11625,Little Norway Park,43.635023,-79.399505,22
7412,9583,King St W / Crawford St,43.6417852,-79.4131148,23
7414,1998,Keele St / Annette St,43.66402,-79.46418,15
7415,1853,Keele St / Vine Ave,43.66686,-79.46526,23
7416,10889,Spadina Ave / Blue Jays Way,43.641705,-79.393295,30
7417,10005,King St W / Jordan St,43.648928,-79.378623,11
7418,23791,College Park - Yonge St Entrance,43.65988,-79.38279,25
7419,9994,Bloor St W / Huron St,43.667023,-79.401805,27
7420,4525,Barton St / Howland St - SMART,43.66842,-79.410585,19
7422,4144,Tyndall Ave / King St W - SMART,43.638426,-79.429142,16
7424,2167,Merton St / Mount Pleasant Rd,43.697819,-79.38786,23
7425,934,The Queensway at South Kingsway,43.63632,-79.47307,23
7427,7603,Northern Dancer Blvd / Lake Shore Blvd E,43.663162,-79.309765,27
7428,2118,Woodbine Ave / Lake Shore Blvd E,43.665645,-79.304711,27
7429,2106,Woodbine Subway Station,43.686442,-79.313404,15
7430,20066,Marilyn Bell Park Tennis Court,43.633537,-79.437461,27
7431,2777,Gerrard St E / Leslie St,43.669813,-79.3335,23
7432,13232,Frederick St / King St E,43.651118,-79.369411,23
7433,3949,Dundas St E / Boulton Ave - SMART,43.663148,-79.347938,16
7434,1863,Via Italia / Mackay Ave,43.676697,-79.445029,15
7435,1775,Rushton Rd / St Clair Ave W,43.68114,-79.4277,10
7437,6617,Concord Ave / Bloor St W,43.66189,-79.42679,15
7438,1848,Gothic Ave / Quebec Ave,43.65389,-79.4675,19
7440,10464,Martin Goodman Trail / Remembrance Dr,43.63121,-79.41414,27
7441,2914,Pacific Ave / Glenlake Ave,43.65716,-79.46478,23
7442,1756,Lonsdale Rd / Spadina Rd,43.688526,-79.412903,15
7443,7893,Dundas St E / George St,43.6574766,-79.373446,25
7444,981,Clendenan Ave / Rowland St - SMART,43.66073,-79.47149,20
7445,3376,Eastwood Rd / Coxwell Ave,43.673118,-79.318651,19
7446,1365,Orchard Park,43.66908,-79.3149,19
7447,1198,Trent Ave / Danforth Ave,43.689293,-79.295895,23
7448,337,Goodwood Park Ct / Dentonia Park,43.694826,-79.295208,19
7449,802,Cosburn Ave / Cedarvale Ave,43.697139,-79.31469,15
7450,4532,Carlaw Ave / Danforth Ave,43.678285,-79.347346,15
7451,6158,Western Battery Rd / Pirandello St,43.640075,-79.414156,31
7452,9510,Bleecker St / St James Ave,43.669232,-79.374495,23
7453,8884,Jarvis St / Maitland Pl,43.6647688,-79.3772602,17
7454,3959,Pottery Rd / Lower Don River Trail,43.688148,-79.362101,15
7455,1493,E.T. Seton Park (Eglinton Ave E / Leslie St),43.715951,-79.351246,27
7457,11594,Queen's Park Cres W / Hoskin Ave,43.665221,-79.394009,23
7458,12003,Church St / Lombard St,43.651678,-79.375233,17
7459,2184,St Clair Ave W / Winona Ave,43.680466,-79.432522,11
7460,1460,High Park Outdoor Pool,43.649217,-79.465319,26
7461,3674,High Park Amphitheatre,43.645653,-79.464366,22
7462,21631,Richmond St E / Yonge St,43.651838,-79.378743,17
7463,12242,Adelaide St W / Brant St,43.6462574,-79.3973381,17
7465,2452,Russell Hill Rd / St Clair Ave W,43.685569,-79.408019,19
7466,3258,Glendonwynne Ave / Bloor St W,43.65182,-79.47421,19
7467,16735,Lower Simcoe St / Bremner Blvd,43.64283,-79.38409,14
7468,7116,Front St W / Simcoe St,43.6442,-79.38702,19
7469,6775,Wellington St W / York St,43.646734,-79.38301,23
7471,1147,Lake Shore Blvd W / Louisa St,43.61868,-79.48674,15
7473,10049,Adelaide St W / Strachan Ave,43.6432530948273,-79.4123046990417,15
7474,12478,Clarence Square,43.64407,-79.3929,23
7475,10392,Jarvis St / Richmond St E,43.652777,-79.372637,19
7476,3106,Symington Ave / Dupont St,43.665538,-79.451263,15
7477,795,Antler St / Campbell Ave - SMART,43.664182,-79.449066,20
7478,1764,Ellis Ave / The Queensway,43.63855,-79.46693,19
7479,1943,Jane St / Bloor St W (Jane Subway Station),43.64976,-79.48477,15
7480,2371,Neil McLellan Park,43.65143,-79.47779,14
7483,1439,Southwood Dr / Kingston Rd - SMART,43.678685,-79.297974,12
7484,947,Briar Hill Ave / Yonge St - SMART,43.713524,-79.400162,16
7485,827,Blythwood Rd / Yonge St - SMART,43.716652,-79.399993,16
7486,1088,Gerrard St E / Main St,43.684261,-79.299332,22
7487,1539,Eastwood Rd / Woodbine Ave - SMART,43.676216,-79.309395,15
7488,1496,Summerhill Ave / Maclennan Ave,43.685924,-79.376304,11
7489,8722,Sumach St  / Queen St E,43.656638,-79.358749,19
7492,9503,324 Cherry St,43.6482995,-79.3552533,19
7493,2727,Sackville St / Eastern Ave - SMART,43.653809,-79.3595,12
7494,2596,Davenport Rd / McAlpine St - SMART,43.673768,-79.391253,12
7496,2967,Sunnyside Ave / The Queensway - SMART,43.6397,-79.44865,19
7497,3191,128 Sterling Rd - SMART,43.654004,-79.444792,20
7501,674,Humberside Grounds - SMART,43.65917,-79.46997,20
7502,16007,University Ave / College St (East),43.65995,-79.38964,14
7503,610,Gerrard St E / Malvern Ave - SMART,43.685221,-79.294766,20
7504,804,Gerrard St E / Victoria Park Ave - SMART,43.686962,-79.286864,16
7505,5579,Ontario St / Adelaide St E -SMART,43.6535052,-79.3667689,19
7506,7013,Berkeley St / Adelaide St E - SMART,43.653359,-79.365023,12
7508,4116,Berkeley St / Dundas St E - SMART,43.658816,-79.367318,18
7514,13053,Humber Bay Shores Park / Marine Parade Dr,43.626265,-79.476723,31
7515,2356,Amos Waites Park,43.613606,-79.4883535,27
7516,1887,Superior Ave / Lake Shore Blvd W,43.6146692,-79.4873148,17
7517,728,Ripley Ave / Ormskirk Ave,43.6390437,-79.4760109,23
7518,9456,Lake Shore Blvd W / Colborne Lodge Dr,43.63771,-79.458173,27
7519,711,406 Oakwood Ave,43.6882706002271,-79.4393776708185,19
7520,1292,St Clarens Ave / Shirley Ave,43.6486599,-79.4376413,15
7521,4064,Emerson Ave / Bloor St W,43.659055,-79.440764,23
7522,1937,Wallace Ave / Pauline Ave,43.6632257,-79.4397052,17
7523,13978,Lynn Williams St / East Liberty St - SMART,43.638925,-79.4168659,15
7524,15454,Lisgar Park,43.6423847,-79.4240277,23
7526,4749,Bartlett Parkette,43.6702236,-79.4360232,23
7527,838,Joseph J Piccininni Community Centre,43.675648,-79.4527619,19
7528,3175,Spadina Rd / Austin Terrace,43.67883,-79.408723,17
7529,1501,Symington Ave / Davenport Rd,43.6704403,-79.4532855,15
7530,4033,Sherbourne St N / Elm Ave,43.6752732,-79.3778458,22
7531,7478,541 Huron St - SMART,43.670206,-79.402643,19
7533,12249,Housey St / Dan Leckie Way,43.63811,-79.397877,27
7534,11848,Walnut Ave / Queen St W,43.645469,-79.411084,16
7536,11412,Palmerston Ave / Dundas St W,43.651603,-79.408346,23
7537,4380,Euclid Ave / Herrick St - SMART,43.661559,-79.413845,16
7538,2013,Vaughan Rd /Wychwood Ave,43.6882821,-79.4253856,19
7539,1534,Davisville Ave / Pailton Cres,43.69933,-79.39199,19
7540,2145,Alvin Ave / St Clair Ave E,43.68871,-79.39264,19
7541,3168,Bellwoods Ave / Treford Pl - SMART,43.65246,-79.413528,20
7542,23142,Queen St W / John St,43.650077,-79.391291,23
7543,6295,Bellevue Square Park,43.6537513,-79.4028245,17
7545,9910,Baldwin St / Henry St,43.6560758,-79.393259,15
7546,5939,Ross St / Cecil St - SMART,43.6568254,-79.3966159,18
7547,8038,Orde St / McCaul St,43.6580442,-79.3927404,15
7548,14769,St Joseph St / Bay St - SMART,43.6658804,-79.3876101,20
7549,9053,439 Sherbourne St,43.666051,-79.374161,47
7551,7716,The Esplanade / Hahn Pl,43.649709,-79.364184,19
7688,3735,High Park Blvd / Parkside Dr,43.644887,-79.4564117,15
7552,692,Lake Shore Blvd W / Thirty Ninth Street,43.5927419,-79.5403301,19
7553,986,Lake Shore Blvd W / Twenty Fourth St,43.597082,-79.522768,19
7554,1677,Humber College,43.5961692,-79.5160575,27
7555,669,Royal York Rd / Mimico Ave,43.612063,-79.496573,20
7556,755,Windsor St / Newcastle St,43.6171635,-79.4971065,31
7557,1186,The Queensway / High St,43.630874,-79.482407,23
7558,1077,Berry Rd / Bell Manor Dr,43.63732,-79.489083,19
7559,1061,Swansea Community Centre,43.6438036,-79.4770327,15
7561,1488,Annette St / Jane St,43.658574,-79.487246,15
7562,669,Priscilla  Ave / Dundas St W,43.664665,-79.489385,23
7563,1297,St Clair Ave W / Castleton Ave,43.668496,-79.485426,19
7564,996,Durie St / Dundas St W,43.665523,-79.484892,23
7565,1317,St Clair Ave W / Gunns Rd,43.672079,-79.470171,23
7566,1418,Weston Rd / St Clair Ave W - SMART,43.673019,-79.467994,19
7567,417,Weston Lions Park,43.698841,-79.519472,27
7568,3370,Jameson Ave / Queen St W,43.63985,-79.43703,26
7569,11373,Toronto Inukshuk Park,43.6323994,-79.4097818,47
7570,7784,Carlaw Ave / Dundas St E,43.665076,-79.341509,17
7571,3008,Highfield Rd / Gerrard St E,43.671771,-79.324961,19
7572,653,Cosburn Ave / Durant Ave,43.6935477,-79.3301658,15
7575,8627,Bayview Ave / Lawren Harris Square,43.6548521,-79.3539768,15
7576,7733,Front St E / Bayview Avenue,43.6535,-79.354068,22
7577,7288,Oak St / Sumach St,43.6617908,-79.361515,27
7579,1753,Glebe Rd W / Yonge St,43.7005976,-79.397345,19
7580,3316,Hillsdale Ave W / Yonge St,43.7029672,-79.3979073,15
7581,3297,High Park Ave / Dundas St W,43.6653032,-79.4701178,15
7582,593,Alameda Ave / Vaughan Rd - SMART,43.690903,-79.4375028,16
7583,616,Eglinton Ave W / Scarlett Rd,43.6834703,-79.5108942,22
7584,1867,The Pond Rd / Sentinel Rd,43.7696262,-79.5025943,27
7585,1061,Sentinel Rd / Finch Hydro Corridor,43.7641485,-79.5012809,27
7586,845,Finch West Subway Station,43.76521,-79.491281,23
7587,603,Dufferin St / Finch Hydro Recreational Trail,43.7724019,-79.4675395,19
7588,720,G Ross Lord Park,43.7781116,-79.467963,19
7589,543,Torresdale Ave / Antibes Dr,43.77953,-79.45233,15
7590,671,Esther Shiner Stadium,43.7774374,-79.4447096,23
7591,380,Elwood Blvd / Avenue Rd,43.707049,-79.40966,23
7593,1092,Roehampton St / Bayview Ave,43.711751,-79.378615,27
7594,2142,Fleming Cres / Bayview Ave,43.707045,-79.375437,15
7595,1380,Moore Park,43.693256,-79.383238,15
7596,2937,Langford Ave / Danforth Ave - SMART,43.6800218,-79.3405681,16
7597,333,Yonge St / Golfdale Rd,43.732016,-79.403637,15
7598,486,Teddington Park Ave,43.732975,-79.40401,15
7599,11301,Richmond St W / York St,43.650745,-79.383633,17
7600,7343,Ursula Franklin St / Huron St - SMART,43.660274,-79.398049,20
7601,3585,Brick Works,43.683884,-79.36647,25
7602,569,Woodbine Ave / O'Connor Dr,43.699281,-79.318802,19
7603,765,O'Connor Dr / Curity Ave - SMART,43.707582,-79.311439,24
7604,278,St Columba Pl / St Clair Ave E,43.70567,-79.310554,18
7605,776,Lumsden Ave / Eastdale Ave,43.6941354819917,-79.3005871877529,20
7606,795,Dawes Rd / Taylor Creek Trl,43.696631,-79.297436,19
7607,920,Fairmount Park,43.6765897,-79.3163022,19
7608,958,Wilket Creek Park,43.720645,-79.355474,27
7609,1018,Sunnybrook Park,43.720233,-79.362092,27
7610,1192,Kingston Rd / Beech Ave,43.680095,-79.291714,15
7611,1078,Victoria Park Ave / Danforth Ave,43.691468,-79.288619,18
7612,283,Livingston Rd / Guildwood Pkwy,43.747854,-79.199327,19
7613,151,Livingston Rd (Highland Creek Trail),43.7561681,-79.2026694,19
7614,477,Morningside Park (Highland Creek Trail),43.779353,-79.193023,23
7615,329,Colonel Danforth Park,43.7777114,-79.1659711,19
7616,890,Waterfront Trail (Rouge Hill),43.778015,-79.131911,19
7617,356,Starspray Ave / Lawrence Ave E,43.788319,-79.123505,19
7618,1020,Vaughan Rd / Oakwood Ave,43.6926825,-79.441042,19
7619,885,Braemar Ave / Eglinton Ave W,43.7041957,-79.4094472,14
7620,3175,Eglinton Ave E / Redpath Ave,43.7078691,-79.39248,15
7621,392,Long Branch GO Station,43.591561,-79.545827,33
7622,1189,Marie Curtis Park,43.5880774,-79.5432067,23
7623,2601,Royal York Rd / Lake Shore Blvd W,43.6029904,-79.4926867,19
7624,257,Guildwood GO Station (South),43.754978,-79.1971289,11
7625,1269,Yonge St / Lawrence Ave,43.7254665,-79.4011545,23
7626,275,Rouge Hill GO Station,43.7805505,-79.1301203,25
7627,5962,Shaw St / Essex St - SMART,43.667076,-79.425116,15
7629,929,Lundy Ave / Etienne Brule Park,43.6625395,-79.5030161,15
7630,895,Twelfth St / Thirteenth St,43.6002896,-79.5108692,23
7631,218,Florence Gell Park,43.6615467,-79.498398,15
7632,805,Chiltern Hill Rd / Eglinton Ave W,43.7004017,-79.4275305,17
7633,4119,Noble St / Queen St W,43.6424558,-79.4296346,15
7634,8316,University Ave / Gerrard St W (WEST) - SMART,43.6578449,-79.3899265,18
7635,1459,Runnymede Rd / Annette St,43.6596299,-79.4799176,15
7636,640,Bloor St W / Riverside Dr,43.647663,-79.487583,23
7637,1191,Judson St / Royal York Rd,43.6162721,-79.4990363,19
7639,3346,135 Queens Wharf  - SMART,43.6399714,-79.399404,16
7640,1551,Spadina Rd / St.Clair Ave West,43.683979,-79.410657,15
7641,1446,Annette St / Dundas St W,43.6641174,-79.4588522,15
7642,6041,Yonge St / St Clair Ave,43.6885046,-79.3940052,19
7643,1384,Oriole Pkwy / Kilbarry Rd,43.6954486,-79.4026176,19
7644,1840,East Lynn Ave / Danforth Ave,43.6850809,-79.3149901,15
7645,237,University of Toronto Scarborough,43.7842419,-79.1849889,16
7646,10230,University Ave / Richmond St W,43.6503935,-79.3860211,27
7647,8239,Elm St/ University Ave (East Side),43.656373,-79.3878104,17
7648,5014,909 Yonge St,43.6751525554287,-79.3884961596964,14
7650,1638,St Clair West Subway Station - Heath Entrance,43.686352,-79.415894,22
7654,2019,Bloor St W / Pacific Ave,43.6541245,-79.4636388,7
7655,2626,Danforth Ave / Dewhurst Blvd,43.680207,-79.339243,15
7656,4682,Bloor St W / Brock Ave,43.6589882,-79.438715,11
7657,5769,1 Market St - SMART,43.6469928,-79.3706665,19
7658,1687,Kings Mill Park,43.649204068767,-79.4933633420141,27
7659,1876,Amroth Ave / Danforth Ave,43.6856128,-79.3116827,19
7660,5832,285 Victoria St,43.656633,-79.379625,19
7662,4706,Beaty Ave / Queen St W,43.6393107,-79.4408141,19
7663,614,Kilgour Rd / Rumsey Rd,43.718039,-79.371914,17
7664,458,Sunnybrook Health Centre - L Wing,43.72268,-79.37644,15
7665,858,Sunnybrook Health Centre - S Wing,43.720998,-79.377456,11
7666,2701,Dundas St W / St Helen Ave - SMART,43.6504218,-79.4407647,26
7667,8526,Spadina Ave / Sussex Ave - SMART,43.664028,-79.4029787,35
7668,11880,Simcoe St / Dundas St W - SMART,43.6558557,-79.3894093,20
7670,640,Yonge St / Woburn Ave - SMART,43.7281464,-79.4032194,12
7671,1375,Yonge St / Montgomery Ave - SMART,43.7093201,-79.3996301,12
7675,5967,1525 Dundas St W,43.64957,-79.432446,15
7676,436,York University (Glendon Campus) - SMART,43.7273654882463,-79.3814254607724,16
7677,3723,1303 Yonge St - SMART,43.6846177,-79.3924592,16
7678,683,York University Station (South) - SMART,43.77345,-79.5002,16
7679,575,York University Station (North),43.7741,-79.5005,15
7680,2257,Princes' Blvd / Nunavut Rd,43.6334636,-79.4143057,19
7681,4210,25 Booth Ave,43.6544839,-79.341057,24
7682,16280,Bathurst St / Front St W,43.6413479,-79.4013882,27
7683,6132,Bay St / Harbour St (West),43.64191,-79.378325,15
7684,6056,Bay St / Harbour St (East),43.64215,-79.377,23
7685,9759,King St W / Brant St,43.645102,-79.3974498,22
7686,7479,Lower Jarvis / The Esplanade,43.6478206,-79.3704721,15
7687,5679,Bloor St W / Gladstone Ave - SMART,43.6602021,-79.4342726,11
7689,4989,20 Eaton Ave,43.680012,-79.3440325,26
7691,4426,Christie St / Dupont St,43.67168,-79.421192,19
7692,1676,85 Lee Ave,43.6700692,-79.2971326,26
7693,14955,Mutual St / Shuter St (Arena Gardens),43.6559476,-79.3755883,19
7694,332,Victoria Park Ave / Dawes Rd,43.706466,-79.29511,19
7695,1665,Queen St E / Joseph Duggan Rd,43.6677628,-79.3081171,19
7696,648,Heyworth Cres / Kingston Rd,43.6750806,-79.3068697,19
7698,641,St Clair Ave W / Caledonia Rd,43.6754247,-79.4547813,13
7699,929,St Clair Ave W / Oakwood Ave,43.678177,-79.435364,15
7700,1121,St Clair Ave W / Robina Ave,43.68005,-79.43469,15
7701,2900,Roncesvalles Ave / Fermanagh Ave,43.6463144692452,-79.4487940701453,19
7702,2835,111 Broadview Ave,43.6593483,-79.3499366,18
7703,4566,Oak St / Sackville St,43.6613642,-79.3641171,19
7704,770,24 Mountjoy Ave,43.6808774,-79.3304491,19
7705,3931,Colgate Ave / Carlaw Ave,43.6623658,-79.3413344,19
7706,1877,Felstead Ave/Gillard Ave (Monarch Park),43.6791345,-79.3263159,27
7707,14635,Coronation Park (Martin Goodman Trail),43.635495,-79.4035221,19
7708,1434,101 Cedarvale Ave,43.6868681,-79.3110942,20
7709,1015,Beltline Trail / Yonge St,43.6962302,-79.3950434,23
7710,3803,11 Spadina Rd,43.6677246,-79.4041365,18
7711,1458,Havelock St / Dewson St,43.6554793,-79.4302462,15
7712,4660,Queen St W / Shaw St,43.6442457,-79.4161044,19
7713,5952,Temperance St / Bay St,43.6506,-79.381285,22
7715,565,Lumsden Ave / Cedarvale Ave,43.693187,-79.314283,11
7716,3733,Church St / The Esplanade,43.6469251,-79.3733192,19
7717,4296,Niagara St / Portland St,43.6425791,-79.4001173,11
7718,2737,St. Andrew's Playground Park,43.646552,-79.399586,11
7719,4820,Wolseley St / Augusta Ave,43.6484201,-79.4005192,28
7720,7635,King St W / Portland St,43.644395,-79.4006543,16
7721,4630,Widmer St / King St W,43.6463574,-79.391206,11
7724,2413,Wellesley St E / Parliament St,43.6682342,-79.3702641,15
7725,583,Yonge St / Macpherson Ave,43.6791876,-79.390719,15
7728,428,Randolph Ave / Perth Ave,43.6585504,-79.4497659,19
7729,319,265 Armadale Ave,43.6501644,-79.4829691,31
7730,460,800 Fleet Street,43.636804,-79.408832,42
7731,87,Victoria Park Ave / Kingston Rd,43.68035,-79.28357,15
7732,29,Kingston Rd / Warden Ave,43.6882413593181,-79.2704662803324,14
7733,17,Pharmacy Ave / Danforth Ave,43.6929478,-79.2833998,15
7734,12,Danforth Ave / Warden Ave,43.6950192,-79.2718066,15
7735,8,Birchcliff Ave / Kingston Rd,43.691688,-79.265027,15
7736,7,Birchmount Rd / Kingston Rd,43.6940129779426,-79.2625720454814,15
7737,18,Kingston Rd / Glen Everest Rd,43.697490048103,-79.2565514646278,15
7738,13,Highview Ave / Kennedy Rd,43.7024185814635,-79.2563167072858,15
7739,26,Kingston Rd / Ridgemoor Ave,43.7064361425743,-79.2510444335329,11
7740,28,Sharpe St / Park St (Sandown Park),43.7105975,-79.2541175,15
7741,44,Howard Park Ave / Parkside Dr,43.648657,-79.458111,15
7742,16,Eglinton Ave W / Prospect Cemetery,43.69415,-79.4578258,19
7743,34,Eglinton Ave W / Gilbert Ave,43.6926325,-79.4627536,19
7744,23,Rogers Rd / Prospect Cemetery,43.68323,-79.455765,23
7745,40,Bert Robinson Park,43.688028,-79.460265,15
7746,49,Marlee Ave / York Beltline Trail,43.70163,-79.44099,19
7747,13,Eglinton Ave W / Ennerdale Rd,43.69466,-79.45377,14
7748,32,Bloor St W / Old Mill Trl,43.6501687,-79.4963345,19
7749,6,Wendover Rd / Bloor St W (Green P),43.6492,-79.50602,15
7750,35,Luttrell Ave / Danforth Ave,43.6897656,-79.2939525,15
7751,25,Willingdon Blvd / Bloor St W (Green P),43.64839,-79.51008,15
7752,49,1926 Lake Shore Blvd W,43.6357643,-79.4674917,22
7753,39,36 Park Lawn Rd,43.6236917,-79.4838132,15
7754,11,Walter Saunders Park,43.6993270725894,-79.4493630391668,15
7755,6,Park Lawn Rd / Berry Rd,43.6356059,-79.4934616,15
7757,242,The Well,43.6430250551659,-79.3943013776132,18
7758,2,Driftwood Ave / Finch Hydro Trail,43.7603624,-79.5162777,18
7759,6,The Pond Rd / Shoreham Dr,43.772445,-79.511912,15
7760,64,Grand Avenue Park,43.62313,-79.4918,22
